run_id,case_id,artifact_type,file_path,git_tracked,tool,source_node,condition_id,meb_nm,temperature_K,vd_V,vg_condition,mesh_id,physics_id,status,description,source_sha256
R5,R5B_CGD_31,csv,data/run05/raw/ac/r05b_ac_meb31_1mhz.csv,yes,SDevice/SVisual,n31,R5B_CGD,31.0,300,1.2,-0.71:-0.69; primary -0.70,1,BTBT_OFF_AC,PASS,Formal five-level AC matrix CSV export,
R5,R5B_CGD_33p5,csv,data/run05/raw/ac/r05b_ac_meb33p5_1mhz.csv,yes,SDevice/SVisual,n53,R5B_CGD,33.5,300,1.2,-0.71:-0.69; primary -0.70,1,BTBT_OFF_AC,PASS,Formal five-level AC matrix CSV export,
R5,R5B_CGD_36,csv,data/run05/raw/ac/r05b_ac_meb36_1mhz.csv,yes,SDevice/SVisual,n10,R5B_CGD,36.0,300,1.2,-0.71:-0.69; primary -0.70,1,BTBT_OFF_AC,PASS,Formal five-level AC matrix CSV export,
R5,R5B_CGD_38p5,csv,data/run05/raw/ac/r05b_ac_meb38p5_1mhz.csv,yes,SDevice/SVisual,n60,R5B_CGD,38.5,300,1.2,-0.71:-0.69; primary -0.70,1,BTBT_OFF_AC,PASS,Formal five-level AC matrix CSV export,
R5,R5B_CGD_41,csv,data/run05/raw/ac/r05b_ac_meb41_1mhz.csv,yes,SDevice/SVisual,n34,R5B_CGD,41.0,300,1.2,-0.71:-0.69; primary -0.70,1,BTBT_OFF_AC,PASS,Formal five-level AC matrix CSV export,
R5,AC_LOCAL_r05a_ac_vd0_vgcenter0_1mhz,plt-local-only,R5A_AC_n10_ac_des.plt,no,SDevice,,R5_AC_SOURCE,,300,,,,AC,LOCAL_ONLY,Local source PLT for committed CSV export; rows=3,4bf432d97cdc8b46a608ca91e86756e4541043da567fa43ba7169182cabf882e
R5,AC_LOCAL_r05a_ac_vd1p2_vgcenter0_1mhz,plt-local-only,R5A_AC_VD1P2_n10_ac_des.plt,no,SDevice,,R5_AC_SOURCE,,300,,,,AC,LOCAL_ONLY,Local source PLT for committed CSV export; rows=3,f167d9c0637c090fe8c34d1086dab1b3d534d4606a29e030d7c75c0c4ab9b184
R5,AC_LOCAL_r05a_ac_vd1p2_vgcenter_m0p7_100khz_mesh1,plt-local-only,R5A_AC_100KHZ_n10_ac_des.plt,no,SDevice,,R5_AC_SOURCE,,300,,,,AC,LOCAL_ONLY,Local source PLT for committed CSV export; rows=3,b3242fef7e8af6aaff714c4c0b67d3f662cdd94fbe32ef76f70f91f0c9d276a7
R5,AC_LOCAL_r05a_ac_vd1p2_vgcenter_m0p7_1mhz_mesh1,plt-local-only,R5A_AC_VD1P2_VGM0P7_n10_ac_des.plt,no,SDevice,,R5_AC_SOURCE,,300,,,,AC,LOCAL_ONLY,Local source PLT for committed CSV export; rows=3,5a8a94ba5b94f4db5c3f0f380bfd76781a26f1582cd540d23006224b057b3ffc
R5,AC_LOCAL_r05a_ac_vd1p2_vgcenter_m0p7_10mhz_mesh1,plt-local-only,R5A_AC_10MHZ_n10_ac_des.plt,no,SDevice,,R5_AC_SOURCE,,300,,,,AC,LOCAL_ONLY,Local source PLT for committed CSV export; rows=3,db77e422bb5be605897fe3521b3db6a2b2d176f04f35d68577bb92234ec9d269
R5,AC_LOCAL_r05a_ac_vd1p2_vgcenter_m0p7_1mhz_mesh2,plt-local-only,R5A_AC_10MHZ_n10_ac_des(1).plt,no,SDevice,,R5_AC_SOURCE,,300,,,,AC,LOCAL_ONLY,Local source PLT for committed CSV export; rows=3,33bd050fdff2ee2c2f8ff81f43debed22f639d9f7aead7069f8e819ed5ed4736
R5,AC_LOCAL_r05b_ac_meb31_1mhz,plt-local-only,R5B_AC_n31_ac_des.plt,no,SDevice,,R5_AC_SOURCE,,300,,,,AC,LOCAL_ONLY,Local source PLT for committed CSV export; rows=3,ee0323f65bba86126e97a9f2959179b4d07db99ea9ce2c477cb4cca74d41f7a9
R5,AC_LOCAL_r05b_ac_meb33p5_1mhz,plt-local-only,R5B_AC_n53_ac_des.plt,no,SDevice,,R5_AC_SOURCE,,300,,,,AC,LOCAL_ONLY,Local source PLT for committed CSV export; rows=3,a10da486408cec35449fcbb30c7d56e3686c8e0d3c3c2d0d5d1254e64abf900c
R5,AC_LOCAL_r05b_ac_meb36_1mhz,plt-local-only,R5B_AC_n10_ac_des.plt,no,SDevice,,R5_AC_SOURCE,,300,,,,AC,LOCAL_ONLY,Local source PLT for committed CSV export; rows=3,5a8a94ba5b94f4db5c3f0f380bfd76781a26f1582cd540d23006224b057b3ffc
R5,AC_LOCAL_r05b_ac_meb38p5_1mhz,plt-local-only,R5B_AC_n60_ac_des.plt,no,SDevice,,R5_AC_SOURCE,,300,,,,AC,LOCAL_ONLY,Local source PLT for committed CSV export; rows=3,95ef72be3ba7d8d2cee930b18418fc6a082087ebdb9b6656362676d05bc3ddd9
R5,AC_LOCAL_r05b_ac_meb41_1mhz,plt-local-only,R5B_AC_n34_ac_des.plt,no,SDevice,,R5_AC_SOURCE,,300,,,,AC,LOCAL_ONLY,Local source PLT for committed CSV export; rows=3,6d5bafb28763e87f517317901bfc675cfcb12f4a70c8bbe3fb22415f6eadeb97
R5,R5B_GIDL_31,csv,data/run05/raw/gidl/r05b_gidl_meb31_vd1p2_vg0_m0p7.csv,yes,SDevice/SVisual,n36,R5B_GIDL,31.0,300,1.2,0:-0.7,3,NonlocalPath_ON,PASS,"Formal five-level GIDL drain-current sweep, 141 rows",
R5,R5B_GIDL_TDR_31,tdr-local-only,n36_des.tdr,no,SDevice,n36,R5B_GIDL_TDR,31.0,300,1.2,final -0.7,3,NonlocalPath_ON,LOCAL_ONLY,Final TDR retained locally; source for formal field cut,
R5,R5B_GIDL_33p5,csv,data/run05/raw/gidl/r05b_gidl_meb33p5_vd1p2_vg0_m0p7.csv,yes,SDevice/SVisual,n49,R5B_GIDL,33.5,300,1.2,0:-0.7,3,NonlocalPath_ON,PASS,"Formal five-level GIDL drain-current sweep, 141 rows",
R5,R5B_GIDL_TDR_33p5,tdr-local-only,n49_des.tdr,no,SDevice,n49,R5B_GIDL_TDR,33.5,300,1.2,final -0.7,3,NonlocalPath_ON,LOCAL_ONLY,Final TDR retained locally; source for formal field cut,
R5,R5B_GIDL_36,csv,data/run05/raw/gidl/r05b_gidl_meb36_vd1p2_vg0_m0p7.csv,yes,SDevice/SVisual,n35,R5B_GIDL,36.0,300,1.2,0:-0.7,3,NonlocalPath_ON,PASS,"Formal five-level GIDL drain-current sweep, 141 rows",
R5,R5B_GIDL_TDR_36,tdr-local-only,n35_des.tdr,no,SDevice,n35,R5B_GIDL_TDR,36.0,300,1.2,final -0.7,3,NonlocalPath_ON,LOCAL_ONLY,Final TDR retained locally; source for formal field cut,
R5,R5B_GIDL_38p5,csv,data/run05/raw/gidl/r05b_gidl_meb38p5_vd1p2_vg0_m0p7.csv,yes,SDevice/SVisual,n56,R5B_GIDL,38.5,300,1.2,0:-0.7,3,NonlocalPath_ON,PASS,"Formal five-level GIDL drain-current sweep, 141 rows",
R5,R5B_GIDL_TDR_38p5,tdr-local-only,n56_des.tdr,no,SDevice,n56,R5B_GIDL_TDR,38.5,300,1.2,final -0.7,3,NonlocalPath_ON,LOCAL_ONLY,Final TDR retained locally; source for formal field cut,
R5,R5B_GIDL_41,csv,data/run05/raw/gidl/r05b_gidl_meb41_vd1p2_vg0_m0p7.csv,yes,SDevice/SVisual,n37,R5B_GIDL,41.0,300,1.2,0:-0.7,3,NonlocalPath_ON,PASS,"Formal five-level GIDL drain-current sweep, 141 rows",
R5,R5B_GIDL_TDR_41,tdr-local-only,n37_des.tdr,no,SDevice,n37,R5B_GIDL_TDR,41.0,300,1.2,final -0.7,3,NonlocalPath_ON,LOCAL_ONLY,Final TDR retained locally; source for formal field cut,
R5,R5B_FIELD_31,csv,data/run05/raw/field/r05b_efield_wall_y0p116_meb31.csv,yes,SVisual,n36,R5B_EWALL,31.0,300,1.2,-0.7,3,NonlocalPath_ON,PASS,Abs(ElectricField-V) fixed Y=0.116 um cut; formal X ROI 0.032-0.070 um,
R5,R5B_FIELD_33p5,csv,data/run05/raw/field/r05b_efield_wall_y0p116_meb33p5.csv,yes,SVisual,n49,R5B_EWALL,33.5,300,1.2,-0.7,3,NonlocalPath_ON,PASS,Abs(ElectricField-V) fixed Y=0.116 um cut; formal X ROI 0.032-0.070 um,
R5,R5B_FIELD_36,csv,data/run05/raw/field/r05b_efield_wall_y0p116_meb36.csv,yes,SVisual,n35,R5B_EWALL,36.0,300,1.2,-0.7,3,NonlocalPath_ON,PASS,Abs(ElectricField-V) fixed Y=0.116 um cut; formal X ROI 0.032-0.070 um,
R5,R5B_FIELD_38p5,csv,data/run05/raw/field/r05b_efield_wall_y0p116_meb38p5.csv,yes,SVisual,n56,R5B_EWALL,38.5,300,1.2,-0.7,3,NonlocalPath_ON,PASS,Abs(ElectricField-V) fixed Y=0.116 um cut; formal X ROI 0.032-0.070 um,
R5,R5B_FIELD_41,csv,data/run05/raw/field/r05b_efield_wall_y0p116_meb41.csv,yes,SVisual,n37,R5B_EWALL,41.0,300,1.2,-0.7,3,NonlocalPath_ON,PASS,Abs(ElectricField-V) fixed Y=0.116 um cut; formal X ROI 0.032-0.070 um,
R5,R5B_DC_33p5_0p05,csv,data/run05/raw/dc/r05b_dc_meb33p5_vd0p05.csv,yes,SDevice/SVisual,,R5B_DC,33.5,300,0.05,0:1.5,1,BTBT_OFF,PASS,"Intermediate-MEB formal DC guardrail, 301 rows",
R5,R5B_DC_33p5_1p0,csv,data/run05/raw/dc/r05b_dc_meb33p5_vd1p0.csv,yes,SDevice/SVisual,,R5B_DC,33.5,300,1.0,0:1.5,1,BTBT_OFF,PASS,"Intermediate-MEB formal DC guardrail, 301 rows",
R5,R5B_DC_38p5_0p05,csv,data/run05/raw/dc/r05b_dc_meb38p5_vd0p05.csv,yes,SDevice/SVisual,,R5B_DC,38.5,300,0.05,0:1.5,1,BTBT_OFF,PASS,"Intermediate-MEB formal DC guardrail, 301 rows",
R5,R5B_DC_38p5_1p0,csv,data/run05/raw/dc/r05b_dc_meb38p5_vd1p0.csv,yes,SDevice/SVisual,,R5B_DC,38.5,300,1.0,0:1.5,1,BTBT_OFF,PASS,"Intermediate-MEB formal DC guardrail, 301 rows",
R5,R5_PROCESSED,processed-csv,data/run05/processed/r05_master_summary.csv,yes,Python,,R5_PROCESSED,,,,,,,PASS,Reproducible Run 5 processed data,
R5,R5_PROCESSED,processed-csv,data/run05/processed/r05_correlation_summary.csv,yes,Python,,R5_PROCESSED,,,,,,,PASS,Reproducible Run 5 processed data,
R5,R5_PROCESSED,processed-csv,data/run05/processed/r05_extraction_diagnostics.csv,yes,Python,,R5_PROCESSED,,,,,,,PASS,Reproducible Run 5 processed data,
