drain TotalCurrent(IdVg_R1_n43_des) X,drain TotalCurrent(IdVg_R1_n43_des) Y
0,-1.1577408e-16
0.005,-1.6507137e-16
0.01,1.0799914e-16
0.015,2.1373831e-16
0.02,-2.7195272e-16
0.025,1.8281292e-16
0.03,1.1511351e-16
0.035,-1.9937138e-19
0.04,4.6554543e-17
0.045,2.6185576e-16
0.05,2.477449e-16
0.055,6.9089553e-17
0.06,3.4402343e-16
0.065,1.3684289e-16
0.07,5.1246324e-17
0.075,-6.5355701e-17
0.08,-2.8923746e-18
0.085,-1.5725401e-16
0.09,2.0363046e-18
0.095,-1.5533238e-17
0.1,2.4923709e-16
0.105,2.8129117e-16
0.11,1.4369476e-16
0.115,-1.7069987e-16
0.12,-4.2651417e-17
0.125,1.9014535e-16
0.13,9.5366285e-17
0.135,1.4321096e-16
0.14,-8.0180973e-18
0.145,2.73156e-16
0.15,9.6459042e-17
0.155,2.5198837e-16
0.16,6.3119023e-16
0.165,3.1643211e-16
0.17,5.2553076e-16
0.175,3.2500158e-16
0.18,2.435215e-16
0.185,4.7501435e-16
0.19,5.2723969e-16
0.195,6.0243699e-16
0.2,3.8342385e-16
0.205,3.1298428e-16
0.21,6.1125907e-16
0.215,5.8035224e-16
0.22,7.416371e-16
0.225,8.9639295e-16
0.23,8.1236906e-16
0.235,1.1697797e-15
0.24,9.9261112e-16
0.245,1.2169855e-15
0.25,1.1419499e-15
0.255,1.7106583e-15
0.26,2.0365595e-15
0.265,1.9672924e-15
0.27,2.0820549e-15
0.275,2.1933363e-15
0.28,2.7133111e-15
0.285,2.741406e-15
0.29,3.226637e-15
0.295,3.3319846e-15
0.3,3.6993829e-15
0.305,4.1626573e-15
0.31,4.9206385e-15
0.315,5.0330274e-15
0.32,5.9926043e-15
0.325,6.4129161e-15
0.33,7.1945217e-15
0.335,7.8988926e-15
0.34,9.0942875e-15
0.345,9.4599421e-15
0.35,1.0954341e-14
0.355,1.1988044e-14
0.36,1.3503642e-14
0.365,1.5021133e-14
0.37,1.6668634e-14
0.375,1.8331082e-14
0.38,2.0521241e-14
0.385,2.2908755e-14
0.39,2.5416951e-14
0.395,2.8141605e-14
0.4,3.1085185e-14
0.405,3.4663372e-14
0.41,3.8493036e-14
0.415,4.2986326e-14
0.42,4.7628469e-14
0.425,5.2882612e-14
0.43,5.9231717e-14
0.435,6.555351e-14
0.44,7.2658939e-14
0.445,8.0984915e-14
0.45,8.9798664e-14
0.455,1.0017429e-13
0.46,1.1152325e-13
0.465,1.2422667e-13
0.47,1.3822896e-13
0.475,1.537796e-13
0.48,1.7105174e-13
0.485,1.9037123e-13
0.49,2.118865e-13
0.495,2.3613996e-13
0.5,2.6302443e-13
0.505,2.9242177e-13
0.51,3.2612807e-13
0.515,3.6330105e-13
0.52,4.0428405e-13
0.525,4.5001927e-13
0.53,5.0149782e-13
0.535,5.5877554e-13
0.54,6.2251478e-13
0.545,6.9353033e-13
0.55,7.7239081e-13
0.555,8.603092e-13
0.56,9.5889799e-13
0.565,1.0687377e-12
0.57,1.190663e-12
0.575,1.3268405e-12
0.58,1.4786614e-12
0.585,1.6479232e-12
0.59,1.8365704e-12
0.595,2.0467889e-12
0.6,2.280872e-12
0.605,2.5423536e-12
0.61,2.8338069e-12
0.615,3.1581968e-12
0.62,3.5201117e-12
0.625,3.9242853e-12
0.63,4.3735052e-12
0.635,4.8749755e-12
0.64,5.4335951e-12
0.645,6.0565684e-12
0.65,6.7508172e-12
0.655,7.5244913e-12
0.66,8.386523e-12
0.665,9.347527e-12
0.67,1.0417423e-11
0.675,1.1610727e-11
0.68,1.2938634e-11
0.685,1.4418239e-11
0.69,1.6066279e-11
0.695,1.7901729e-11
0.7,1.9944207e-11
0.705,2.2219259e-11
0.71,2.4750923e-11
0.715,2.7568396e-11
0.72,3.0703757e-11
0.725,3.4191571e-11
0.73,3.807092e-11
0.735,4.2384353e-11
0.74,4.71803e-11
0.745,5.2510448e-11
0.75,5.8432762e-11
0.755,6.5011847e-11
0.76,7.2318453e-11
0.765,8.0430426e-11
0.77,8.9433182e-11
0.775,9.9422763e-11
0.78,1.1050201e-10
0.785,1.2278645e-10
0.79,1.3640161e-10
0.795,1.514865e-10
0.8,1.6819315e-10
0.805,1.8668812e-10
0.81,2.0715561e-10
0.815,2.2979466e-10
0.82,2.5482645e-10
0.825,2.8249119e-10
0.83,3.1305175e-10
0.835,3.467962e-10
0.84,3.8403805e-10
0.845,4.2512186e-10
0.85,4.7041951e-10
0.855,5.2034e-10
0.86,5.753277e-10
0.865,6.3586721e-10
0.87,7.0248305e-10
0.875,7.7574882e-10
0.88,8.5628571e-10
0.885,9.4476869e-10
0.89,1.0419323e-09
0.895,1.1485687e-09
0.9,1.2655411e-09
0.905,1.3937802e-09
0.91,1.5342976e-09
0.915,1.688185e-09
0.92,1.8566231e-09
0.925,2.0408873e-09
0.93,2.2423551e-09
0.935,2.4625145e-09
0.94,2.7029678e-09
0.945,2.9654423e-09
0.95,3.2518009e-09
0.955,3.564047e-09
0.96,3.904337e-09
0.965,4.2749888e-09
0.97,4.6784958e-09
0.975,5.1175335e-09
0.98,5.594975e-09
0.985,6.1139043e-09
0.99,6.6776253e-09
0.995,7.289682e-09
1,7.9538682e-09
1.005,8.6742442e-09
1.01,9.4551575e-09
1.015,1.0301253e-08
1.02,1.1217497e-08
1.025,1.2209193e-08
1.03,1.3282003e-08
1.035,1.4441966e-08
1.04,1.5695523e-08
1.045,1.7049536e-08
1.05,1.8511317e-08
1.055,2.0088645e-08
1.06,2.1789797e-08
1.065,2.3623573e-08
1.07,2.5599323e-08
1.075,2.7726976e-08
1.08,3.0017069e-08
1.085,3.2480778e-08
1.09,3.5129945e-08
1.095,3.797712e-08
1.1,4.1035582e-08
1.105,4.4319379e-08
1.11,4.7843363e-08
1.115,5.1623222e-08
1.12,5.5675518e-08
1.125,6.0017719e-08
1.13,6.466824e-08
1.135,6.9646474e-08
1.14,7.4972836e-08
1.145,8.0668791e-08
1.15,8.6756895e-08
1.155,9.326083e-08
1.16,1.0020544e-07
1.165,1.0761675e-07
1.17,1.1552202e-07
1.175,1.2394978e-07
1.18,1.3292982e-07
1.185,1.4249327e-07
1.19,1.5267258e-07
1.195,1.6350157e-07
1.2,1.7501545e-07
1.205,1.8725081e-07
1.21,2.0024568e-07
1.215,2.1403949e-07
1.22,2.2867311e-07
1.225,2.4418883e-07
1.23,2.606304e-07
1.235,2.7804295e-07
1.24,2.9647306e-07
1.245,3.1596869e-07
1.25,3.3657917e-07
1.255,3.5835521e-07
1.26,3.8134881e-07
1.265,4.0561328e-07
1.27,4.3120318e-07
1.275,4.5817429e-07
1.28,4.8658355e-07
1.285,5.1648901e-07
1.29,5.479498e-07
1.295,5.8102607e-07
1.3,6.1577892e-07
1.305,6.5227035e-07
1.31,6.9056321e-07
1.315,7.3072113e-07
1.32,7.7280848e-07
1.325,8.1689026e-07
1.33,8.630321e-07
1.335,9.1130019e-07
1.34,9.6176117e-07
1.345,1.0144821e-06
1.35,1.0695305e-06
1.355,1.1269741e-06
1.36,1.186881e-06
1.365,1.2493193e-06
1.37,1.3143576e-06
1.375,1.3820642e-06
1.38,1.4525078e-06
1.385,1.5257568e-06
1.39,1.6018799e-06
1.395,1.6809454e-06
1.4,1.7630216e-06
1.405,1.8481765e-06
1.41,1.936478e-06
1.415,2.0279936e-06
1.42,2.1227905e-06
1.425,2.2209355e-06
1.43,2.3224949e-06
1.435,2.4275346e-06
1.44,2.5361199e-06
1.445,2.6483154e-06
1.45,2.7641852e-06
1.455,2.8837928e-06
1.46,3.0072006e-06
1.465,3.1344706e-06
1.47,3.2656635e-06
1.475,3.4008395e-06
1.48,3.5400576e-06
1.485,3.6833757e-06
1.49,3.8308511e-06
1.495,3.9825395e-06
1.5,4.1384956e-06

